Date,Open,1_high,1_low,1_close,WOpen,MOpen,2_closs,3_closs,4_closs,5_closs,K,D,cross,second2MA,Fourth6MA,Fifth6MA,ID
2022-01-03,1205,1215,1145,1150,1205,1205,1165.0,1175.0,1135.0,1100.0,52.04,50.25,0,1170.0,1166.6666666666667,1166.6666666666667,2454
2022-01-04,1165,1175,1145,1165,1205,1205,1175.0,1135.0,1100.0,1095.0,55.68,52.06,0,1157.5,1152.5,1136.6666666666667,2454
2022-01-05,1170,1190,1150,1175,1205,1205,1135.0,1100.0,1095.0,1080.0,60.2,54.77,0,1170.0,1136.6666666666667,1125.0,2454
2022-01-06,1150,1155,1110,1135,1205,1205,1100.0,1095.0,1080.0,1085.0,51.24,53.59,0,1155.0,1125.0,1111.6666666666667,2454
2022-01-07,1130,1145,1090,1100,1205,1205,1095.0,1080.0,1085.0,1100.0,36.83,48.0,0,1117.5,1111.6666666666667,1099.1666666666667,2454
2022-01-10,1080,1095,1070,1095,1080,1205,1080.0,1085.0,1100.0,1065.0,30.3,42.1,0,1097.5,1099.1666666666667,1087.5,2454
2022-01-11,1090,1095,1065,1080,1080,1205,1085.0,1100.0,1065.0,1115.0,23.53,35.91,0,1087.5,1087.5,1090.0,2454
2022-01-12,1095,1095,1070,1085,1080,1205,1100.0,1065.0,1115.0,1105.0,20.13,30.65,0,1082.5,1090.0,1091.6666666666667,2454
2022-01-13,1090,1110,1085,1100,1080,1205,1065.0,1115.0,1105.0,1100.0,21.2,27.5,0,1092.5,1091.6666666666667,1095.0,2454
2022-01-14,1090,1090,1055,1065,1080,1205,1115.0,1105.0,1100.0,1090.0,16.6,23.87,0,1082.5,1095.0,1095.8333333333333,2454
2022-01-17,1075,1120,1070,1115,1075,1205,1105.0,1100.0,1090.0,1070.0,25.88,24.54,1,1090.0,1095.8333333333333,1090.8333333333333,2454
2022-01-18,1110,1145,1105,1105,1075,1205,1100.0,1090.0,1070.0,1090.0,33.92,27.67,0,1110.0,1090.8333333333333,1095.0,2454
2022-01-19,1095,1120,1090,1100,1075,1205,1090.0,1070.0,1090.0,1085.0,39.28,31.54,0,1102.5,1095.0,1090.0,2454
2022-01-20,1105,1110,1070,1090,1075,1205,1070.0,1090.0,1085.0,1075.0,39.15,34.08,0,1095.0,1090.0,1085.0,2454
2022-01-21,1060,1080,1055,1070,1075,1205,1090.0,1085.0,1075.0,1100.0,31.66,33.27,0,1080.0,1085.0,1085.0,2454
2022-01-24,1060,1090,1050,1090,1060,1205,1085.0,1075.0,1100.0,1095.0,35.14,33.89,1,1080.0,1085.0,1085.8333333333333,2454
2022-01-25,1080,1090,1070,1085,1060,1205,1075.0,1100.0,1095.0,1130.0,35.71,34.5,0,1087.5,1085.8333333333333,1095.8333333333333,2454
2022-01-26,1070,1095,1070,1075,1060,1205,1100.0,1095.0,1130.0,1160.0,32.58,33.86,0,1080.0,1095.8333333333333,1107.5,2454
2022-02-07,1130,1130,1075,1100,1130,1130,1095.0,1130.0,1160.0,1150.0,39.26,35.66,1,1087.5,1107.5,1118.3333333333333,2454
2022-02-08,1125,1125,1090,1095,1130,1130,1130.0,1160.0,1150.0,1105.0,41.96,37.76,0,1097.5,1118.3333333333333,1123.3333333333333,2454
2022-02-09,1125,1135,1095,1130,1130,1130,1160.0,1150.0,1105.0,1100.0,59.35,44.96,0,1112.5,1123.3333333333333,1123.3333333333333,2454
2022-02-10,1140,1165,1125,1160,1130,1130,1150.0,1105.0,1100.0,1130.0,71.45,53.79,0,1145.0,1123.3333333333333,1129.1666666666667,2454
2022-02-11,1150,1170,1145,1150,1130,1130,1105.0,1100.0,1130.0,1130.0,75.41,61.0,0,1155.0,1129.1666666666667,1129.1666666666667,2454
2022-02-14,1120,1125,1100,1105,1120,1130,1100.0,1130.0,1130.0,1120.0,65.55,62.52,0,1127.5,1129.1666666666667,1122.5,2454
2022-02-15,1110,1120,1090,1100,1120,1130,1130.0,1130.0,1120.0,1130.0,53.7,59.58,0,1102.5,1122.5,1119.1666666666667,2454
2022-02-16,1130,1130,1115,1130,1120,1130,1130.0,1120.0,1130.0,1110.0,55.8,58.32,0,1115.0,1119.1666666666667,1120.0,2454
2022-02-17,1130,1135,1120,1130,1120,1130,1120.0,1130.0,1110.0,1120.0,56.5,57.71,0,1130.0,1120.0,1123.3333333333333,2454
2022-02-18,1115,1125,1105,1120,1120,1130,1130.0,1110.0,1120.0,1060.0,50.17,55.2,0,1125.0,1123.3333333333333,1111.6666666666667,2454
2022-02-21,1115,1135,1110,1130,1115,1130,1110.0,1120.0,1060.0,1085.0,50.11,53.5,0,1125.0,1111.6666666666667,1104.1666666666667,2454
2022-02-22,1115,1120,1090,1110,1115,1130,1120.0,1060.0,1085.0,1100.0,41.74,49.58,0,1120.0,1104.1666666666667,1100.8333333333333,2454
2022-02-23,1110,1120,1100,1120,1115,1130,1060.0,1085.0,1100.0,1080.0,40.33,46.5,0,1115.0,1100.8333333333333,1092.5,2454
2022-02-24,1095,1105,1055,1060,1115,1130,1085.0,1100.0,1080.0,1080.0,28.97,40.66,0,1090.0,1092.5,1087.5,2454
2022-02-25,1075,1095,1060,1085,1115,1130,1100.0,1080.0,1080.0,1025.0,31.81,37.71,0,1072.5,1087.5,1071.6666666666667,2454
2022-03-01,1105,1120,1095,1100,1105,1105,1080.0,1080.0,1025.0,972.0,39.96,38.46,1,1092.5,1071.6666666666667,1057.0,2454
2022-03-02,1105,1105,1070,1080,1105,1105,1080.0,1025.0,972.0,963.0,37.06,37.99,0,1090.0,1057.0,1036.6666666666667,2454
2022-03-03,1085,1100,1065,1080,1105,1105,1025.0,972.0,963.0,966.0,35.12,37.03,0,1080.0,1036.6666666666667,1014.3333333333334,2454
2022-03-04,1060,1060,1025,1025,1105,1105,972.0,963.0,966.0,995.0,23.41,32.49,0,1052.5,1014.3333333333334,1000.1666666666666,2454
2022-03-07,985,995,970,972,985,1105,963.0,966.0,995.0,963.0,16.05,27.01,0,998.5,1000.1666666666666,980.6666666666666,2454
2022-03-08,945,986,943,963,985,1105,966.0,995.0,963.0,944.0,14.47,22.83,0,967.5,980.6666666666666,967.1666666666666,2454
2022-03-09,971,976,956,966,985,1105,995.0,963.0,944.0,904.0,13.98,19.88,0,964.5,967.1666666666666,955.8333333333334,2454
2022-03-10,990,1005,982,995,985,1105,963.0,944.0,904.0,907.0,19.11,19.62,0,980.5,955.8333333333334,946.5,2454
2022-03-11,1000,1000,961,963,985,1105,944.0,904.0,907.0,968.0,16.51,18.58,0,979.0,946.5,946.8333333333334,2454
2022-03-14,973,975,934,944,973,1105,904.0,907.0,968.0,969.0,12.96,16.71,0,953.5,946.8333333333334,942.5,2454
2022-03-15,933,935,901,904,973,1105,907.0,968.0,969.0,978.0,9.14,14.19,0,924.0,942.5,945.0,2454
2022-03-16,930,931,900,907,973,1105,968.0,969.0,978.0,975.0,7.55,11.98,0,905.5,945.0,950.1666666666666,2454
2022-03-17,951,978,949,968,973,1105,969.0,978.0,975.0,977.0,26.62,16.86,1,937.5,950.1666666666666,962.3333333333334,2454
2022-03-18,971,974,955,969,973,1105,978.0,975.0,977.0,972.0,39.65,24.46,0,968.5,962.3333333333334,973.1666666666666,2454
2022-03-21,985,985,977,978,985,1105,975.0,977.0,972.0,971.0,51.2,33.37,0,973.5,973.1666666666666,973.6666666666666,2454
2022-03-22,971,980,967,975,985,1105,977.0,972.0,971.0,964.0,57.94,41.56,0,976.5,973.6666666666666,972.8333333333334,2454
2022-03-23,988,995,976,977,985,1105,972.0,971.0,964.0,912.0,64.29,49.14,0,976.0,972.8333333333334,961.8333333333334,2454
2022-03-24,978,978,967,972,985,1105,971.0,964.0,912.0,915.0,68.12,55.47,0,974.5,961.8333333333334,951.8333333333334,2454
2022-03-25,975,976,965,971,985,1105,964.0,912.0,915.0,905.0,70.33,60.42,0,971.5,951.8333333333334,939.8333333333334,2454
2022-03-28,950,964,946,964,950,1105,912.0,915.0,905.0,900.0,69.34,63.39,0,967.5,939.8333333333334,927.8333333333334,2454
2022-03-29,931,951,903,912,950,1105,915.0,905.0,900.0,882.0,49.49,58.76,0,938.0,927.8333333333334,913.0,2454
2022-03-30,912,923,903,915,950,1105,905.0,900.0,882.0,850.0,37.34,51.62,0,913.5,913.0,894.0,2454
2022-03-31,900,919,900,905,950,1105,900.0,882.0,850.0,840.0,26.65,43.3,0,910.0,894.0,882.0,2454
2022-04-01,900,904,893,900,950,900,882.0,850.0,840.0,836.0,20.05,35.55,0,902.5,882.0,868.8333333333334,2454
2022-04-06,858,883,855,882,858,900,850.0,840.0,836.0,842.0,19.8,30.3,0,891.0,868.8333333333334,858.3333333333334,2454
2022-04-07,858,872,850,850,858,900,840.0,836.0,842.0,880.0,13.2,24.6,0,866.0,858.3333333333334,855.0,2454
2022-04-08,851,859,834,840,858,900,836.0,842.0,880.0,861.0,10.21,19.8,0,845.0,855.0,851.5,2454
2022-04-11,839,847,832,836,839,900,842.0,880.0,861.0,832.0,7.82,15.81,0,838.0,851.5,848.5,2454
2022-04-12,840,848,830,842,839,900,880.0,861.0,832.0,833.0,8.52,13.38,0,839.0,848.5,847.3333333333334,2454
2022-04-13,849,882,847,880,839,900,861.0,832.0,833.0,838.0,23.6,16.79,1,861.0,847.3333333333334,847.6666666666666,2454
2022-04-14,874,874,861,861,839,900,832.0,833.0,838.0,856.0,27.34,20.31,0,870.5,847.6666666666666,850.0,2454
2022-04-15,851,852,831,832,839,900,833.0,838.0,856.0,868.0,19.13,19.92,0,846.5,850.0,848.0,2454
2022-04-18,827,844,827,833,827,900,838.0,856.0,868.0,854.0,16.32,18.72,0,832.5,848.0,846.8333333333334,2454
2022-04-19,855,862,838,838,827,900,856.0,868.0,854.0,837.0,17.55,18.33,0,835.5,846.8333333333334,847.6666666666666,2454
2022-04-20,847,856,841,856,827,900,868.0,854.0,837.0,833.0,29.28,21.98,1,847.0,847.6666666666666,847.6666666666666,2454
2022-04-21,854,872,850,868,827,900,854.0,837.0,833.0,808.0,44.37,29.44,0,862.0,847.6666666666666,842.6666666666666,2454
2022-04-22,848,857,846,854,827,900,837.0,833.0,808.0,828.0,45.94,34.94,0,861.0,842.6666666666666,838.0,2454
2022-04-25,833,838,831,837,833,900,833.0,808.0,828.0,830.0,36.69,35.52,0,845.5,838.0,831.6666666666666,2454
2022-04-26,833,837,825,833,833,900,808.0,828.0,830.0,820.0,29.9,33.65,0,835.0,831.6666666666666,826.0,2454
2022-04-27,806,816,797,808,833,900,828.0,830.0,820.0,829.0,24.82,30.71,0,820.5,826.0,824.6666666666666,2454
2022-04-28,835,853,821,828,833,900,830.0,820.0,829.0,841.0,30.32,30.58,0,818.0,824.6666666666666,826.0,2454
2022-04-29,850,850,830,830,833,900,820.0,829.0,841.0,834.0,34.88,32.01,1,829.0,826.0,830.3333333333334,2454
2022-05-03,830,833,808,820,830,830,829.0,841.0,834.0,813.0,33.48,32.5,0,825.0,830.3333333333334,827.8333333333334,2454
2022-05-04,829,835,825,829,830,830,841.0,834.0,813.0,820.0,36.54,33.85,0,824.5,827.8333333333334,826.1666666666666,2454
2022-05-05,843,848,837,841,830,830,834.0,813.0,820.0,829.0,48.8,38.83,0,835.0,826.1666666666666,827.6666666666666,2454
2022-05-06,809,834,808,834,830,830,813.0,820.0,829.0,820.0,54.56,44.07,0,837.5,827.6666666666666,826.1666666666666,2454
2022-05-09,821,827,813,813,821,830,820.0,829.0,820.0,843.0,45.9,44.68,0,823.5,826.1666666666666,826.5,2454
2022-05-10,801,824,801,820,821,830,829.0,820.0,843.0,825.0,44.29,44.55,0,816.5,826.5,825.0,2454
2022-05-11,814,831,813,829,821,830,820.0,843.0,825.0,841.0,47.48,45.53,1,824.5,825.0,829.6666666666666,2454
2022-05-12,828,835,820,820,821,830,843.0,825.0,841.0,855.0,44.58,45.21,0,824.5,829.6666666666666,835.5,2454
2022-05-13,831,845,828,843,821,830,825.0,841.0,855.0,845.0,59.51,49.98,1,831.5,835.5,838.1666666666666,2454
2022-05-16,849,858,825,825,849,830,841.0,855.0,845.0,846.0,53.71,51.22,0,834.0,838.1666666666666,842.5,2454
2022-05-17,838,847,830,841,849,830,855.0,845.0,846.0,843.0,59.2,53.88,0,833.0,842.5,842.5,2454
2022-05-18,854,855,845,855,849,830,845.0,846.0,843.0,830.0,71.05,59.6,0,848.0,842.5,843.3333333333334,2454
2022-05-19,839,847,835,845,849,830,846.0,843.0,830.0,843.0,73.1,64.1,0,850.0,843.3333333333334,843.6666666666666,2454
2022-05-20,841,850,836,846,849,830,843.0,830.0,843.0,833.0,75.05,67.75,0,845.5,843.6666666666666,840.0,2454
2022-05-23,854,857,843,843,854,830,830.0,843.0,833.0,851.0,72.26,69.25,0,844.5,840.0,841.0,2454
2022-05-24,848,848,830,830,854,830,843.0,833.0,851.0,878.0,56.95,65.15,0,836.5,841.0,846.3333333333334,2454
2022-05-25,833,848,826,843,854,830,833.0,851.0,878.0,905.0,56.15,62.15,0,836.5,846.3333333333334,856.6666666666666,2454
2022-05-26,849,849,832,833,854,830,851.0,878.0,905.0,905.0,45.51,56.6,0,838.0,856.6666666666666,869.1666666666666,2454
2022-05-27,842,852,838,851,854,830,878.0,905.0,905.0,898.0,57.22,56.81,1,842.0,869.1666666666666,878.3333333333334,2454
2022-05-30,865,878,864,878,865,830,905.0,905.0,898.0,905.0,71.48,61.7,0,864.5,878.3333333333334,890.3333333333334,2454
2022-05-31,876,905,867,905,865,830,905.0,898.0,905.0,890.0,80.99,68.13,0,891.5,890.3333333333334,896.8333333333334,2454
2022-06-01,903,912,896,905,865,903,898.0,905.0,890.0,930.0,84.61,73.62,0,905.0,896.8333333333334,905.5,2454
2022-06-02,899,906,897,898,865,903,905.0,890.0,930.0,924.0,84.31,77.18,0,901.5,905.5,908.6666666666666,2454
2022-06-06,896,912,890,905,896,903,890.0,930.0,924.0,930.0,86.83,80.4,0,901.5,908.6666666666666,912.8333333333334,2454
2022-06-07,900,901,890,890,896,903,930.0,924.0,930.0,887.0,82.69,81.16,0,897.5,912.8333333333334,911.0,2454
2022-06-08,903,933,900,930,896,903,924.0,930.0,887.0,880.0,87.47,83.26,0,910.0,911.0,906.8333333333334,2454
2022-06-09,927,935,920,924,896,903,930.0,887.0,880.0,884.0,87.87,84.8,0,927.0,906.8333333333334,905.8333333333334,2454
2022-06-10,915,934,914,930,896,903,887.0,880.0,884.0,873.0,89.57,86.39,0,927.0,905.8333333333334,896.3333333333334,2454
2022-06-13,902,907,885,887,902,903,880.0,884.0,873.0,831.0,69.52,80.77,0,908.5,896.3333333333334,880.8333333333334,2454
2022-06-14,870,882,866,880,902,903,884.0,873.0,831.0,840.0,53.11,71.55,0,883.5,880.8333333333334,865.8333333333334,2454
2022-06-15,880,893,878,884,902,903,873.0,831.0,840.0,868.0,44.1,62.4,0,882.0,865.8333333333334,862.6666666666666,2454
2022-06-16,906,908,869,873,902,903,831.0,840.0,868.0,807.0,32.78,52.53,0,878.5,862.6666666666666,850.5,2454
2022-06-17,847,856,831,831,902,903,840.0,868.0,807.0,689.0,21.85,42.3,0,852.0,850.5,818.0,2454
2022-06-20,838,852,832,840,838,903,868.0,807.0,689.0,670.0,17.45,34.02,0,835.5,818.0,784.1666666666666,2454
2022-06-21,861,868,847,868,838,903,807.0,689.0,670.0,678.0,23.49,30.51,0,854.0,784.1666666666666,758.6666666666666,2454
2022-06-22,848,852,805,807,838,903,689.0,670.0,678.0,651.0,16.18,25.73,0,837.5,758.6666666666666,727.1666666666666,2454
2022-06-23,731,740,679,689,838,903,670.0,678.0,651.0,661.0,12.24,21.23,0,748.0,727.1666666666666,692.6666666666666,2454
2022-06-24,682,696,669,670,838,903,678.0,651.0,661.0,651.0,8.3,16.92,0,679.5,692.6666666666666,666.6666666666666,2454
2022-06-27,685,695,678,678,685,903,651.0,661.0,651.0,612.0,6.79,13.54,0,674.0,666.6666666666666,653.8333333333334,2454
2022-06-28,670,678,646,651,685,903,661.0,651.0,612.0,611.0,5.16,10.75,0,664.5,653.8333333333334,644.0,2454
2022-06-29,644,668,640,661,685,903,651.0,612.0,611.0,615.0,6.51,9.34,0,656.0,644.0,633.5,2454
2022-06-30,655,662,647,651,685,903,612.0,611.0,615.0,605.0,5.95,8.21,0,656.0,633.5,625.8333333333334,2454
2022-07-01,652,655,610,612,685,652,611.0,615.0,605.0,636.0,4.23,6.88,0,631.5,625.8333333333334,621.6666666666666,2454
2022-07-04,609,623,606,611,609,652,615.0,605.0,636.0,651.0,3.5,5.75,0,611.5,621.6666666666666,621.6666666666666,2454
2022-07-05,624,630,597,615,609,652,605.0,636.0,651.0,637.0,6.53,6.01,1,613.0,621.6666666666666,625.8333333333334,2454
2022-07-06,617,619,603,605,609,652,636.0,651.0,637.0,614.0,7.05,6.36,0,610.0,625.8333333333334,626.3333333333334,2454
2022-07-07,612,638,606,636,609,652,651.0,637.0,614.0,634.0,17.97,10.23,0,620.5,626.3333333333334,629.5,2454
2022-07-08,650,657,642,651,609,652,637.0,614.0,634.0,646.0,34.2,18.22,0,643.5,629.5,636.3333333333334,2454
2022-07-11,655,656,635,637,655,652,614.0,634.0,646.0,648.0,41.58,26.01,0,644.0,636.3333333333334,638.3333333333334,2454
2022-07-12,628,629,608,614,655,652,634.0,646.0,648.0,661.0,36.44,29.49,0,625.5,638.3333333333334,640.0,2454
2022-07-13,650,652,631,634,655,652,646.0,648.0,661.0,662.0,44.85,34.61,0,624.0,640.0,644.1666666666666,2454
2022-07-14,629,652,625,646,655,652,648.0,661.0,662.0,671.0,57.12,42.11,0,640.0,644.1666666666666,653.6666666666666,2454
2022-07-15,646,652,638,648,655,652,661.0,662.0,671.0,716.0,66.41,50.21,0,647.0,653.6666666666666,667.3333333333334,2454
2022-07-18,652,673,650,661,652,652,662.0,671.0,716.0,705.0,71.89,57.44,0,654.5,667.3333333333334,677.1666666666666,2454
2022-07-19,658,667,655,662,652,652,671.0,716.0,705.0,688.0,75.79,63.56,0,661.5,677.1666666666666,683.8333333333334,2454
2022-07-20,680,687,667,671,652,652,716.0,705.0,688.0,681.0,77.11,68.08,0,666.5,683.8333333333334,687.1666666666666,2454
2022-07-21,681,716,678,716,652,652,705.0,688.0,681.0,677.0,84.74,73.63,0,693.5,687.1666666666666,689.6666666666666,2454
2022-07-22,718,721,701,705,652,652,688.0,681.0,677.0,682.0,85.11,77.46,0,710.5,689.6666666666666,691.5,2454
2022-07-25,695,698,687,688,695,652,681.0,677.0,682.0,683.0,78.61,77.84,0,696.5,691.5,686.0,2454
2022-07-26,679,696,675,681,695,652,677.0,682.0,683.0,694.0,71.85,75.84,0,684.5,686.0,684.1666666666666,2454
2022-07-27,661,677,660,677,695,652,682.0,683.0,694.0,683.0,63.56,71.75,0,679.0,684.1666666666666,683.3333333333334,2454
2022-07-28,693,693,678,682,695,652,683.0,694.0,683.0,686.0,57.4,66.97,0,679.5,683.3333333333334,684.1666666666666,2454
2022-07-29,690,702,676,683,695,652,694.0,683.0,686.0,684.0,52.41,62.12,0,682.5,684.1666666666666,685.3333333333334,2454
2022-08-01,684,696,674,694,684,684,683.0,686.0,684.0,717.0,53.52,59.25,0,688.5,685.3333333333334,691.1666666666666,2454
2022-08-02,679,690,672,683,684,684,686.0,684.0,717.0,709.0,48.25,55.58,0,688.5,691.1666666666666,695.5,2454
2022-08-03,685,689,678,686,684,684,684.0,717.0,709.0,694.0,46.37,52.51,0,684.5,695.5,695.5,2454
2022-08-04,689,692,680,684,684,684,717.0,709.0,694.0,668.0,49.96,51.66,0,685.0,695.5,693.0,2454
2022-08-05,700,717,698,717,684,684,709.0,694.0,668.0,670.0,66.64,56.65,1,700.5,693.0,690.3333333333334,2454
2022-08-08,713,720,706,709,713,684,694.0,668.0,670.0,684.0,71.65,61.65,0,713.0,690.3333333333334,690.3333333333334,2454
2022-08-09,702,706,690,694,713,684,668.0,670.0,684.0,706.0,63.04,62.11,0,701.5,690.3333333333334,688.5,2454
2022-08-10,677,680,668,668,713,684,670.0,684.0,706.0,706.0,42.03,55.42,0,681.0,688.5,688.0,2454
2022-08-11,670,676,663,670,713,684,684.0,706.0,706.0,703.0,32.11,47.65,0,669.0,688.0,689.5,2454
2022-08-12,674,684,670,684,713,684,706.0,706.0,703.0,702.0,33.69,43.0,0,677.0,689.5,695.1666666666666,2454
2022-08-15,688,709,686,706,688,684,706.0,703.0,702.0,693.0,47.61,44.54,1,695.0,695.1666666666666,699.0,2454
2022-08-16,709,717,705,706,688,684,703.0,702.0,693.0,672.0,56.89,48.66,0,706.0,699.0,697.0,2454
2022-08-17,707,711,699,703,688,684,702.0,693.0,672.0,676.0,61.32,52.88,0,704.5,697.0,692.0,2454
2022-08-18,702,705,691,702,688,684,693.0,672.0,676.0,667.0,63.69,56.48,0,702.5,692.0,685.5,2454
2022-08-19,701,701,693,693,688,684,672.0,676.0,667.0,670.0,60.98,57.98,0,697.5,685.5,680.0,2454
2022-08-22,682,683,672,672,682,684,676.0,667.0,670.0,678.0,46.21,54.06,0,682.5,680.0,676.0,2454
2022-08-23,668,679,665,676,682,684,667.0,670.0,678.0,653.0,38.83,48.98,0,674.0,676.0,669.3333333333334,2454
2022-08-24,680,683,667,667,682,684,670.0,678.0,653.0,657.0,27.17,41.71,0,671.5,669.3333333333334,666.8333333333334,2454
2022-08-25,670,677,666,670,682,684,678.0,653.0,657.0,667.0,21.32,34.91,0,668.5,666.8333333333334,665.3333333333334,2454
2022-08-26,679,687,675,678,682,684,653.0,657.0,667.0,648.0,22.55,30.79,0,674.0,665.3333333333334,662.1666666666666,2454
2022-08-29,657,659,651,653,657,684,657.0,667.0,648.0,620.0,16.14,25.91,0,665.5,662.1666666666666,653.8333333333334,2454
2022-08-30,653,660,648,657,657,684,667.0,648.0,620.0,631.0,16.02,22.61,0,655.0,653.8333333333334,646.0,2454
2022-08-31,655,671,652,667,657,684,648.0,620.0,631.0,629.0,22.63,22.62,1,662.0,646.0,642.0,2454
2022-09-01,655,661,643,648,657,655,620.0,631.0,629.0,619.0,18.87,21.37,0,657.5,642.0,635.6666666666666,2454
2022-09-02,640,645,620,620,657,655,631.0,629.0,619.0,623.0,12.58,18.44,0,634.0,635.6666666666666,628.3333333333334,2454
2022-09-05,616,637,616,631,616,655,629.0,619.0,623.0,627.0,15.43,17.44,0,625.5,628.3333333333334,624.8333333333334,2454
2022-09-06,633,636,627,629,616,655,619.0,623.0,627.0,626.0,16.39,17.09,0,630.0,624.8333333333334,625.8333333333334,2454
2022-09-07,620,625,609,619,616,655,623.0,627.0,626.0,615.0,15.2,16.46,0,624.0,625.8333333333334,623.1666666666666,2454
2022-09-08,622,626,617,623,616,655,627.0,626.0,615.0,616.0,17.66,16.86,1,621.0,623.1666666666666,621.0,2454
2022-09-12,634,642,626,627,634,655,626.0,615.0,616.0,600.0,21.45,18.39,0,625.0,621.0,617.8333333333334,2454
2022-09-13,631,636,625,626,634,655,615.0,616.0,600.0,604.0,23.44,20.07,0,626.5,617.8333333333334,614.6666666666666,2454
2022-09-14,603,617,602,615,634,655,616.0,600.0,604.0,605.0,22.97,21.04,0,620.5,614.6666666666666,611.0,2454
2022-09-15,611,620,611,616,634,655,600.0,604.0,605.0,605.0,26.17,22.75,0,615.5,611.0,607.5,2454
2022-09-16,607,611,600,600,634,655,604.0,605.0,605.0,591.0,17.45,20.98,0,608.0,607.5,603.5,2454
2022-09-19,606,611,601,604,606,655,605.0,605.0,591.0,580.0,14.81,18.92,0,602.0,603.5,597.5,2454
2022-09-20,607,611,603,605,606,655,605.0,591.0,580.0,569.0,13.84,17.23,0,604.5,597.5,592.3333333333334,2454
2022-09-21,610,610,601,605,606,655,591.0,580.0,569.0,568.0,13.19,15.88,0,605.0,592.3333333333334,586.3333333333334,2454
2022-09-22,598,600,587,591,606,655,580.0,569.0,568.0,545.0,11.22,14.33,0,598.0,586.3333333333334,576.3333333333334,2454
2022-09-23,591,594,580,580,606,655,569.0,568.0,545.0,543.0,7.48,12.05,0,585.5,576.3333333333334,566.0,2454
2022-09-26,573,576,564,569,573,655,568.0,545.0,543.0,551.0,7.96,10.69,0,574.5,566.0,559.3333333333334,2454
2022-09-27,571,574,563,568,573,655,545.0,543.0,551.0,548.0,8.23,9.87,0,568.5,559.3333333333334,554.0,2454
2022-09-28,572,576,545,545,573,655,543.0,551.0,548.0,573.0,5.49,8.41,0,556.5,554.0,554.6666666666666,2454
2022-09-29,558,563,540,543,573,655,551.0,548.0,573.0,599.0,5.07,7.3,0,544.0,554.6666666666666,559.8333333333334,2454
2022-09-30,536,554,533,551,573,655,548.0,573.0,599.0,587.0,11.07,8.56,1,547.0,559.8333333333334,566.8333333333334,2454
2022-10-03,543,556,541,548,543,543,573.0,599.0,587.0,566.0,13.87,10.33,0,549.5,566.8333333333334,570.6666666666666,2454
2022-10-04,564,573,564,573,543,543,599.0,587.0,566.0,553.0,29.15,16.6,0,560.5,570.6666666666666,571.0,2454
2022-10-05,596,608,592,599,543,543,587.0,566.0,553.0,549.0,48.77,27.32,0,586.0,571.0,571.1666666666666,2454
2022-10-06,603,604,585,587,543,543,566.0,553.0,549.0,544.0,56.51,37.05,0,593.0,571.1666666666666,566.3333333333334,2454
2022-10-07,581,582,564,566,543,543,553.0,549.0,544.0,585.0,52.34,42.15,0,576.5,566.3333333333334,564.0,2454
2022-10-11,546,565,541,553,546,543,549.0,544.0,585.0,578.0,43.78,42.69,0,559.5,564.0,562.5,2454
2022-10-12,557,557,541,549,546,543,544.0,585.0,578.0,588.0,36.3,40.56,0,551.0,562.5,566.1666666666666,2454
2022-10-13,550,554,538,544,546,543,585.0,578.0,588.0,577.0,29.09,36.74,0,546.5,566.1666666666666,570.1666666666666,2454
2022-10-14,562,588,559,585,546,543,578.0,588.0,577.0,570.0,41.77,38.42,1,564.5,570.1666666666666,573.6666666666666,2454
2022-10-17,568,580,565,578,568,543,588.0,577.0,570.0,567.0,46.89,41.24,0,581.5,573.6666666666666,577.5,2454
2022-10-18,593,595,576,588,568,543,577.0,570.0,567.0,588.0,55.07,45.85,0,583.0,577.5,578.0,2454
2022-10-19,585,591,577,577,568,543,570.0,567.0,588.0,563.0,56.41,49.37,0,582.5,578.0,575.5,2454
2022-10-20,566,570,558,570,568,543,567.0,588.0,563.0,579.0,56.32,51.69,0,573.5,575.5,574.0,2454
2022-10-21,567,579,565,567,568,543,588.0,563.0,579.0,589.0,54.51,52.63,0,568.5,574.0,576.0,2454
2022-10-24,587,596,585,588,587,543,563.0,579.0,589.0,565.0,65.08,56.78,0,577.5,576.0,575.1666666666666,2454
2022-10-25,591,592,563,563,587,543,579.0,589.0,565.0,590.0,57.75,57.1,0,575.5,575.1666666666666,579.0,2454
2022-10-26,569,582,565,579,587,543,589.0,565.0,590.0,599.0,56.92,57.04,0,571.0,579.0,580.8333333333334,2454
2022-10-27,589,592,583,589,587,543,565.0,590.0,599.0,599.0,65.14,59.74,1,584.0,580.8333333333334,586.8333333333334,2454
2022-10-28,582,585,564,565,587,543,590.0,599.0,599.0,600.0,49.57,56.35,0,577.0,586.8333333333334,590.3333333333334,2454
2022-10-31,585,604,576,590,585,543,599.0,599.0,600.0,597.0,56.24,56.31,0,577.5,590.3333333333334,591.6666666666666,2454
2022-11-01,592,604,590,599,585,592,599.0,600.0,597.0,620.0,67.2,59.94,1,594.5,591.6666666666666,600.8333333333334,2454
2022-11-02,595,607,593,599,585,592,600.0,597.0,620.0,620.0,72.07,63.98,0,599.0,600.8333333333334,605.8333333333334,2454
2022-11-03,587,602,587,600,585,592,597.0,620.0,620.0,650.0,76.08,68.01,0,599.5,605.8333333333334,614.3333333333334,2454
2022-11-04,600,600,586,597,585,592,620.0,620.0,650.0,660.0,76.48,70.83,0,598.5,614.3333333333334,624.5,2454
2022-11-07,608,623,601,620,608,592,620.0,650.0,660.0,700.0,82.63,74.76,0,608.5,624.5,641.1666666666666,2454
2022-11-08,632,632,616,620,608,592,650.0,660.0,700.0,697.0,82.54,77.35,0,620.0,641.1666666666666,657.8333333333334,2454
2022-11-09,628,656,626,650,608,592,660.0,700.0,697.0,722.0,86.19,80.3,0,635.0,657.8333333333334,674.8333333333334,2454
2022-11-10,648,660,641,660,608,592,700.0,697.0,722.0,729.0,90.79,83.8,0,655.0,674.8333333333334,693.0,2454
2022-11-11,698,700,680,700,608,592,697.0,722.0,729.0,725.0,93.86,87.15,0,680.0,693.0,705.5,2454
2022-11-14,705,710,694,697,705,592,722.0,729.0,725.0,722.0,92.41,88.9,0,698.5,705.5,715.8333333333334,2454
2022-11-15,704,735,700,722,705,592,729.0,725.0,722.0,720.0,92.03,89.94,0,709.5,715.8333333333334,719.1666666666666,2454
2022-11-16,732,738,719,729,705,592,725.0,722.0,720.0,713.0,92.71,90.86,0,725.5,719.1666666666666,721.8333333333334,2454
2022-11-17,740,740,716,725,705,592,722.0,720.0,713.0,705.0,91.54,91.09,0,727.0,721.8333333333334,719.0,2454
2022-11-18,732,742,716,722,705,592,720.0,713.0,705.0,728.0,89.07,90.42,0,723.5,719.0,718.8333333333334,2454
2022-11-21,716,722,709,720,716,592,713.0,705.0,728.0,727.0,86.39,89.08,0,721.0,718.8333333333334,719.1666666666666,2454
2022-11-22,707,715,703,713,716,592,705.0,728.0,727.0,703.0,81.36,86.51,0,716.5,719.1666666666666,716.0,2454
2022-11-23,722,722,705,705,716,592,728.0,727.0,703.0,713.0,67.68,80.23,0,709.0,716.0,714.8333333333334,2454
2022-11-24,715,736,711,728,716,592,727.0,703.0,713.0,733.0,68.73,76.4,0,716.5,714.8333333333334,718.1666666666666,2454
2022-11-25,729,736,723,727,716,592,703.0,713.0,733.0,741.0,67.25,73.35,0,727.5,718.1666666666666,724.1666666666666,2454
2022-11-28,703,719,703,703,703,592,713.0,733.0,741.0,739.0,44.83,63.84,0,715.0,724.1666666666666,726.0,2454
2022-11-29,695,718,695,713,703,592,733.0,741.0,739.0,739.0,42.65,56.78,0,708.0,726.0,728.0,2454
2022-11-30,714,738,711,733,703,592,741.0,739.0,739.0,725.0,55.38,56.31,0,723.0,728.0,731.6666666666666,2454
2022-12-01,750,756,738,741,703,750,739.0,739.0,725.0,716.0,62.06,58.23,1,737.0,731.6666666666666,732.1666666666666,2454
2022-12-02,730,748,730,739,703,750,739.0,725.0,716.0,705.0,65.42,60.63,0,740.0,732.1666666666666,727.5,2454
2022-12-05,739,755,739,739,739,750,725.0,716.0,705.0,729.0,67.66,62.97,0,739.0,727.5,725.5,2454
2022-12-06,739,744,720,725,739,750,716.0,705.0,729.0,712.0,61.5,62.48,0,732.0,725.5,721.0,2454
2022-12-07,717,728,713,716,739,750,705.0,729.0,712.0,709.0,52.48,59.15,0,720.5,721.0,716.0,2454
2022-12-08,724,725,705,705,739,750,729.0,712.0,709.0,718.0,40.45,52.92,0,710.5,716.0,714.8333333333334,2454
2022-12-09,714,729,711,729,739,750,712.0,709.0,718.0,681.0,45.55,50.46,0,717.0,714.8333333333334,709.0,2454
2022-12-12,715,716,705,712,715,750,709.0,718.0,681.0,660.0,34.94,45.29,0,720.5,709.0,701.5,2454
2022-12-13,717,722,708,709,715,750,718.0,681.0,660.0,656.0,25.91,38.83,0,710.5,701.5,689.3333333333334,2454
2022-12-14,717,724,714,718,715,750,681.0,660.0,656.0,646.0,25.94,34.53,0,713.5,689.3333333333334,678.3333333333334,2454
2022-12-15,703,706,681,681,715,750,660.0,656.0,646.0,654.0,17.29,28.78,0,699.5,678.3333333333334,669.1666666666666,2454
2022-12-16,653,665,651,660,715,750,656.0,646.0,654.0,661.0,14.75,24.1,0,670.5,669.1666666666666,659.6666666666666,2454
2022-12-19,650,662,650,656,650,750,646.0,654.0,661.0,660.0,12.36,20.19,0,658.0,659.6666666666666,656.1666666666666,2454
2022-12-20,650,660,646,646,650,750,654.0,661.0,660.0,651.0,8.24,16.21,0,651.0,656.1666666666666,654.6666666666666,2454
2022-12-21,649,661,646,654,650,750,661.0,660.0,651.0,656.0,8.71,13.71,0,650.0,654.6666666666666,654.6666666666666,2454
2022-12-22,665,668,661,661,650,750,660.0,651.0,656.0,638.0,12.22,13.21,0,657.5,654.6666666666666,653.3333333333334,2454
2022-12-23,651,661,648,660,650,750,651.0,656.0,638.0,629.0,14.13,13.52,1,660.5,653.3333333333334,649.1666666666666,2454
2022-12-26,661,661,651,651,661,750,656.0,638.0,629.0,625.0,11.56,12.87,0,655.5,649.1666666666666,643.1666666666666,2454
2022-12-27,654,664,653,656,661,750,638.0,629.0,625.0,644.0,13.26,13.0,1,653.5,643.1666666666666,640.5,2454
2022-12-28,649,649,621,638,661,750,629.0,625.0,644.0,636.0,20.9,15.63,0,647.0,640.5,638.0,2454
2022-12-29,630,631,623,629,661,750,625.0,644.0,636.0,631.0,19.61,16.96,0,633.5,638.0,633.8333333333334,2454
2022-12-30,635,640,625,625,661,750,644.0,636.0,631.0,660.0,15.91,16.61,0,627.0,633.8333333333334,637.5,2454
2023-01-03,623,645,621,644,623,623,636.0,631.0,660.0,675.0,26.92,20.05,1,634.5,637.5,645.1666666666666,2454
2023-01-04,639,644,635,636,623,623,631.0,660.0,675.0,694.0,28.58,22.89,0,640.0,645.1666666666666,656.6666666666666,2454
2023-01-05,638,641,625,631,623,623,660.0,675.0,694.0,707.0,26.81,24.2,0,633.5,656.6666666666666,667.1666666666666,2454
2023-01-06,634,660,634,660,623,623,675.0,694.0,707.0,715.0,48.11,32.17,0,645.5,667.1666666666666,680.3333333333334,2454
2023-01-09,671,675,665,675,671,623,694.0,707.0,715.0,694.0,65.41,43.25,0,667.5,680.3333333333334,690.8333333333334,2454
2023-01-10,684,696,681,694,671,623,707.0,715.0,694.0,704.0,76.05,54.18,0,684.5,690.8333333333334,698.1666666666666,2454
2023-01-11,700,707,694,707,671,623,715.0,694.0,704.0,693.0,84.03,64.13,0,700.5,698.1666666666666,701.1666666666666,2454
2023-01-12,710,720,708,715,671,623,694.0,704.0,693.0,739.0,87.67,71.98,0,711.0,701.1666666666666,708.6666666666666,2454
2023-01-13,722,726,691,694,671,623,704.0,693.0,739.0,718.0,81.62,75.19,0,704.5,708.6666666666666,710.5,2454
2023-01-16,707,712,701,704,707,623,693.0,739.0,718.0,724.0,80.49,76.96,0,699.0,710.5,712.0,2454
2023-01-17,706,709,693,693,707,623,739.0,718.0,724.0,747.0,76.1,76.67,0,698.5,712.0,720.8333333333334,2454
2023-01-30,734,739,709,739,734,623,718.0,724.0,747.0,751.0,84.07,79.14,1,716.0,720.8333333333334,728.6666666666666,2454
2023-01-31,734,752,716,718,734,623,724.0,747.0,751.0,731.0,76.35,78.21,0,728.5,728.6666666666666,735.0,2454
2023-02-01,724,728,718,724,734,724,747.0,751.0,731.0,717.0,71.09,75.84,0,721.0,735.0,731.3333333333334,2454
2023-02-02,747,753,737,747,734,724,751.0,731.0,717.0,744.0,77.5,76.39,1,735.5,731.3333333333334,735.6666666666666,2454
2023-02-03,742,753,741,751,734,724,731.0,717.0,744.0,749.0,83.92,78.9,0,749.0,735.6666666666666,739.8333333333334,2454
2023-02-06,745,749,730,731,745,724,717.0,744.0,749.0,740.0,77.45,78.42,0,741.0,739.8333333333334,738.6666666666666,2454
2023-02-07,739,739,716,717,745,724,744.0,749.0,740.0,731.0,64.97,73.94,0,724.0,738.6666666666666,735.3333333333334,2454
2023-02-08,726,747,725,744,745,724,749.0,740.0,731.0,732.0,71.65,73.18,0,730.5,735.3333333333334,735.5,2454
2023-02-09,740,749,736,749,745,724,740.0,731.0,732.0,710.0,78.07,74.81,1,746.5,735.5,734.3333333333334,2454
2023-02-10,749,749,739,740,745,724,731.0,732.0,710.0,711.0,73.67,74.43,0,744.5,734.3333333333334,728.8333333333334,2454
2023-02-13,735,737,726,731,735,724,732.0,710.0,711.0,723.0,62.63,70.5,0,735.5,728.8333333333334,724.5,2454
2023-02-14,737,742,731,732,735,724,710.0,711.0,723.0,726.0,56.17,65.72,0,731.5,724.5,722.1666666666666,2454
2023-02-15,730,730,708,710,735,724,711.0,723.0,726.0,725.0,38.93,56.79,0,721.0,722.1666666666666,721.1666666666666,2454
2023-02-16,716,718,706,711,735,724,723.0,726.0,725.0,713.0,29.83,47.8,0,710.5,721.1666666666666,718.0,2454
2023-02-17,708,723,707,723,735,724,726.0,725.0,713.0,745.0,33.06,42.89,0,717.0,718.0,723.8333333333334,2454
2023-02-20,725,732,719,726,725,724,725.0,713.0,745.0,723.0,37.54,41.11,0,724.5,723.8333333333334,725.8333333333334,2454
2023-02-21,728,734,724,725,725,724,713.0,745.0,723.0,791.0,39.76,40.66,0,725.5,725.8333333333334,737.1666666666666,2454
2023-02-22,718,722,713,713,725,724,745.0,723.0,791.0,775.0,31.93,37.75,0,719.0,737.1666666666666,745.3333333333334,2454
2023-02-23,724,745,722,745,725,724,723.0,791.0,775.0,775.0,54.62,43.37,1,729.0,745.3333333333334,753.6666666666666,2454
2023-02-24,751,752,723,723,725,724,791.0,775.0,775.0,784.0,48.73,45.16,0,734.0,753.6666666666666,765.5,2454
2023-03-01,737,795,731,791,737,737,775.0,775.0,784.0,788.0,64.32,51.55,0,757.0,765.5,772.6666666666666,2454
2023-03-02,790,790,773,775,737,737,775.0,784.0,788.0,768.0,68.72,57.27,0,783.0,772.6666666666666,780.1666666666666,2454
2023-03-03,778,789,771,775,737,737,784.0,788.0,768.0,767.0,71.57,62.04,0,775.0,780.1666666666666,776.1666666666666,2454
2023-03-06,785,795,777,784,785,737,788.0,768.0,767.0,756.0,76.58,66.89,0,779.5,776.1666666666666,773.0,2454
2023-03-07,789,790,783,788,785,737,768.0,767.0,756.0,764.0,81.54,71.77,0,786.0,773.0,771.1666666666666,2454
2023-03-08,782,784,765,768,785,737,767.0,756.0,764.0,761.0,76.72,73.42,0,778.0,771.1666666666666,767.3333333333334,2454
2023-03-09,769,775,767,767,785,737,756.0,764.0,761.0,758.0,71.69,72.84,0,767.5,767.3333333333334,762.3333333333334,2454
2023-03-10,759,761,753,756,785,737,764.0,761.0,758.0,756.0,63.07,69.58,0,761.5,762.3333333333334,760.3333333333334,2454
2023-03-13,756,764,743,764,756,737,761.0,758.0,756.0,773.0,59.23,66.13,0,760.0,760.3333333333334,761.3333333333334,2454
2023-03-14,749,768,749,761,756,737,758.0,756.0,773.0,770.0,51.03,61.1,0,762.5,761.3333333333334,763.6666666666666,2454
2023-03-15,766,773,757,758,756,737,756.0,773.0,770.0,771.0,43.64,55.28,0,759.5,763.6666666666666,764.8333333333334,2454
2023-03-16,751,765,748,756,756,737,773.0,770.0,771.0,781.0,37.43,49.33,0,757.0,764.8333333333334,768.1666666666666,2454
2023-03-17,770,777,766,773,756,737,770.0,771.0,781.0,793.0,46.23,48.3,0,764.5,768.1666666666666,774.0,2454
2023-03-20,773,780,768,770,773,737,771.0,781.0,793.0,790.0,52.77,49.79,1,771.5,774.0,779.6666666666666,2454
2023-03-21,776,779,763,771,773,737,781.0,793.0,790.0,780.0,60.41,53.33,0,770.5,779.6666666666666,780.8333333333334,2454
2023-03-22,777,785,776,781,773,737,793.0,790.0,780.0,766.0,70.43,59.03,0,776.0,780.8333333333334,780.1666666666666,2454
2023-03-23,780,794,778,793,773,737,790.0,780.0,766.0,773.0,79.63,65.9,0,787.0,780.1666666666666,780.5,2454
2023-03-24,790,794,785,790,773,737,780.0,766.0,773.0,778.0,83.52,71.77,0,791.5,780.5,780.0,2454
2023-03-27,789,790,779,780,789,737,766.0,773.0,778.0,787.0,78.87,74.14,0,785.0,780.0,779.0,2454
2023-03-28,775,780,766,766,789,737,773.0,778.0,787.0,753.0,65.62,71.3,0,773.0,779.0,772.8333333333334,2454
2023-03-29,774,775,765,773,789,737,778.0,787.0,753.0,749.0,54.5,65.7,0,769.5,772.8333333333334,767.6666666666666,2454
2023-03-30,780,783,775,778,789,737,787.0,753.0,749.0,742.0,52.46,61.29,0,775.5,767.6666666666666,763.6666666666666,2454
2023-03-31,778,789,778,787,789,737,753.0,749.0,742.0,756.0,60.78,61.12,0,782.5,763.6666666666666,760.8333333333334,2454
2023-04-06,774,777,751,753,774,774,749.0,742.0,756.0,758.0,42.07,54.77,0,770.0,760.8333333333334,757.5,2454
2023-04-07,749,752,743,749,774,774,742.0,756.0,758.0,750.0,31.97,47.17,0,751.0,757.5,751.3333333333334,2454
2023-04-10,748,750,739,742,748,774,756.0,758.0,750.0,748.0,23.13,39.16,0,745.5,751.3333333333334,750.5,2454
2023-04-11,743,759,743,756,748,774,758.0,750.0,748.0,709.0,26.53,34.95,0,749.0,750.5,743.8333333333334,2454
2023-04-12,756,760,752,758,748,774,750.0,748.0,709.0,688.0,30.35,33.42,0,757.0,743.8333333333334,734.8333333333334,2454
2023-04-13,759,760,749,750,748,774,748.0,709.0,688.0,675.0,27.57,31.47,0,754.0,734.8333333333334,721.3333333333334,2454
2023-04-14,754,758,746,748,748,774,709.0,688.0,675.0,673.0,24.38,29.11,0,749.0,721.3333333333334,707.1666666666666,2454
2023-04-17,705,710,694,709,705,774,688.0,675.0,673.0,665.0,21.52,26.58,0,728.5,707.1666666666666,693.0,2454
2023-04-18,702,703,685,688,705,774,675.0,673.0,665.0,676.0,15.43,22.86,0,698.5,693.0,681.0,2454
2023-04-19,682,685,675,675,705,774,673.0,665.0,676.0,650.0,10.29,18.67,0,681.5,681.0,671.1666666666666,2454
2023-04-20,661,684,661,673,705,774,665.0,676.0,650.0,649.0,10.9,16.08,0,674.0,671.1666666666666,664.6666666666666,2454
2023-04-21,676,679,665,665,705,774,676.0,650.0,649.0,662.0,8.61,13.59,0,669.0,664.6666666666666,662.5,2454
2023-04-24,663,681,663,676,663,774,650.0,649.0,662.0,665.0,10.79,12.66,0,670.5,662.5,661.1666666666666,2454
2023-04-25,678,678,650,650,663,774,649.0,662.0,665.0,671.0,7.19,10.84,0,663.0,661.1666666666666,662.1666666666666,2454
2023-04-26,641,652,638,649,663,774,662.0,665.0,671.0,680.0,7.85,9.84,0,649.5,662.1666666666666,662.8333333333334,2454
2023-04-27,654,667,653,662,663,774,665.0,671.0,680.0,668.0,16.34,12.01,1,655.5,662.8333333333334,665.8333333333334,2454
2023-04-28,668,674,663,665,663,774,671.0,680.0,668.0,675.0,24.74,16.25,0,663.5,665.8333333333334,670.1666666666666,2454
2023-05-02,654,673,654,671,654,654,680.0,668.0,675.0,675.0,39.9,24.13,0,668.0,670.1666666666666,672.3333333333334,2454
2023-05-03,674,680,668,680,654,654,668.0,675.0,675.0,677.0,57.03,35.1,0,675.5,672.3333333333334,674.3333333333334,2454
2023-05-04,674,674,666,668,654,654,675.0,675.0,677.0,668.0,61.28,43.83,0,674.0,674.3333333333334,673.8333333333334,2454
2023-05-05,675,678,672,675,654,654,675.0,677.0,668.0,668.0,69.54,52.4,0,671.5,673.8333333333334,671.8333333333334,2454
2023-05-08,681,684,674,675,681,654,677.0,668.0,668.0,673.0,73.17,59.32,0,675.0,671.8333333333334,672.6666666666666,2454
2023-05-09,681,681,674,677,681,654,668.0,668.0,673.0,680.0,77.04,65.23,0,676.0,672.6666666666666,673.5,2454
2023-05-10,677,677,666,668,681,654,668.0,673.0,680.0,680.0,67.49,65.98,0,672.5,673.5,674.3333333333334,2454
2023-05-11,666,674,664,668,681,654,673.0,680.0,680.0,685.0,60.55,64.17,0,668.0,674.3333333333334,675.6666666666666,2454
2023-05-12,673,676,661,673,681,654,680.0,680.0,685.0,689.0,61.48,63.27,0,670.5,675.6666666666666,679.1666666666666,2454
2023-05-15,676,682,673,680,676,654,680.0,685.0,689.0,698.0,68.52,65.02,1,676.5,679.1666666666666,684.1666666666666,2454
2023-05-16,688,688,680,680,676,654,685.0,689.0,698.0,705.0,69.14,66.39,0,680.0,684.1666666666666,689.5,2454
2023-05-17,680,689,677,685,676,654,689.0,698.0,705.0,716.0,74.66,69.15,0,682.5,689.5,695.5,2454
2023-05-18,690,694,685,689,676,654,698.0,705.0,716.0,711.0,78.06,72.12,0,687.0,695.5,700.6666666666666,2454
2023-05-19,691,698,690,698,676,654,705.0,716.0,711.0,708.0,85.37,76.54,0,693.5,700.6666666666666,704.5,2454
2023-05-22,702,709,701,705,702,654,716.0,711.0,708.0,730.0,87.47,80.18,0,701.5,704.5,711.3333333333334,2454
2023-05-23,710,722,708,716,702,654,711.0,708.0,730.0,738.0,88.37,82.91,0,710.5,711.3333333333334,718.0,2454
2023-05-24,713,713,701,711,702,654,708.0,730.0,738.0,763.0,86.24,84.02,0,713.5,718.0,727.6666666666666,2454
2023-05-25,708,718,706,708,702,654,730.0,738.0,763.0,759.0,81.3,83.11,0,709.5,727.6666666666666,734.8333333333334,2454
2023-05-26,708,737,708,730,702,654,738.0,763.0,759.0,748.0,83.64,83.29,1,719.0,734.8333333333334,741.0,2454
2023-05-29,755,758,738,738,755,654,763.0,759.0,748.0,751.0,80.86,82.48,0,734.0,741.0,748.1666666666666,2454
2023-05-30,759,773,757,763,755,654,759.0,748.0,751.0,759.0,83.45,82.8,1,750.5,748.1666666666666,753.0,2454
2023-05-31,757,767,748,759,755,654,748.0,751.0,759.0,757.0,83.34,82.98,0,761.0,753.0,756.1666666666666,2454
2023-06-01,755,761,748,748,755,755,751.0,759.0,757.0,768.0,77.32,81.09,0,753.5,756.1666666666666,757.0,2454
2023-06-02,754,762,750,751,755,755,759.0,757.0,768.0,768.0,74.69,78.96,0,749.5,757.0,758.5,2454
2023-06-05,757,767,757,759,757,755,757.0,768.0,768.0,764.0,76.65,78.19,0,755.0,758.5,761.1666666666666,2454
2023-06-06,760,764,752,757,757,755,768.0,768.0,764.0,767.0,76.47,77.62,0,758.0,761.1666666666666,763.8333333333334,2454
2023-06-07,759,769,756,768,757,755,768.0,764.0,767.0,779.0,81.75,79.0,1,762.5,763.8333333333334,767.1666666666666,2454
2023-06-08,770,775,763,768,757,755,764.0,767.0,779.0,780.0,81.53,79.84,0,768.0,767.1666666666666,771.0,2454
2023-06-09,768,770,761,764,757,755,767.0,779.0,780.0,766.0,74.11,77.93,0,766.0,771.0,770.6666666666666,2454
2023-06-12,769,769,763,767,769,755,779.0,780.0,766.0,751.0,72.86,76.24,0,765.5,770.6666666666666,767.8333333333334,2454
2023-06-13,770,782,768,779,769,755,780.0,766.0,751.0,785.0,78.97,77.15,1,773.0,767.8333333333334,771.3333333333334,2454
2023-06-14,781,782,776,780,769,755,766.0,751.0,785.0,691.0,83.9,79.4,0,779.5,771.3333333333334,758.6666666666666,2454
2023-06-15,777,779,765,766,769,755,751.0,785.0,691.0,693.0,71.49,76.76,0,773.0,758.6666666666666,744.3333333333334,2454
2023-06-16,760,765,751,751,769,755,785.0,691.0,693.0,685.0,47.66,67.06,0,758.5,744.3333333333334,728.5,2454
2023-06-19,769,793,764,785,769,755,691.0,693.0,685.0,681.0,58.76,64.29,0,768.0,728.5,714.3333333333334,2454
2023-06-20,708,725,691,691,769,755,693.0,685.0,681.0,695.0,39.17,55.92,0,738.0,714.3333333333334,705.0,2454
2023-06-21,689,696,683,693,769,755,685.0,681.0,695.0,696.0,29.14,46.99,0,692.0,705.0,690.1666666666666,2454
2023-06-26,688,690,685,685,688,755,681.0,695.0,696.0,688.0,20.03,38.0,0,689.0,690.1666666666666,689.6666666666666,2454
2023-06-27,680,688,680,681,688,755,695.0,696.0,688.0,691.0,13.65,29.88,0,683.0,689.6666666666666,689.3333333333334,2454
2023-06-28,692,697,685,695,688,755,696.0,688.0,691.0,700.0,13.52,24.43,0,688.0,689.3333333333334,691.8333333333334,2454
2023-06-29,704,705,695,696,688,755,688.0,691.0,700.0,697.0,13.73,20.86,0,695.5,691.8333333333334,694.5,2454
2023-06-30,692,692,686,688,688,755,691.0,700.0,697.0,690.0,11.51,17.74,0,692.0,694.5,693.6666666666666,2454
2023-07-03,692,698,690,691,692,692,700.0,697.0,690.0,682.0,10.92,15.47,0,689.5,693.6666666666666,691.3333333333334,2454
2023-07-04,696,702,691,700,692,692,697.0,690.0,682.0,673.0,22.09,17.68,1,695.5,691.3333333333334,688.8333333333334,2454
2023-07-05,703,703,696,697,692,692,690.0,682.0,673.0,686.0,37.39,24.25,0,698.5,688.8333333333334,688.0,2454
2023-07-06,692,699,688,690,692,692,682.0,673.0,686.0,685.0,38.26,28.92,0,693.5,688.0,685.5,2454
2023-07-07,686,686,680,682,692,692,673.0,686.0,685.0,680.0,28.17,28.67,0,686.0,685.5,682.6666666666666,2454
2023-07-10,680,686,673,673,680,692,686.0,685.0,680.0,692.0,18.78,25.37,0,677.5,682.6666666666666,683.0,2454
2023-07-11,682,687,676,686,680,692,685.0,680.0,692.0,683.0,26.06,25.6,1,679.5,683.0,683.1666666666666,2454
2023-07-12,689,689,680,685,680,692,680.0,692.0,683.0,683.0,30.71,27.3,0,685.5,683.1666666666666,684.8333333333334,2454
2023-07-13,692,693,680,680,680,692,692.0,683.0,683.0,696.0,28.25,27.62,0,682.5,684.8333333333334,686.5,2454
2023-07-14,686,698,685,692,680,692,683.0,683.0,696.0,692.0,39.94,31.73,0,686.0,686.5,687.6666666666666,2454
2023-07-17,692,692,681,683,692,692,683.0,696.0,692.0,682.0,37.74,33.73,0,687.5,687.6666666666666,688.0,2454
2023-07-18,680,686,678,683,692,692,696.0,692.0,682.0,675.0,37.98,35.15,0,683.0,688.0,685.1666666666666,2454
2023-07-19,690,699,689,696,692,692,692.0,682.0,675.0,665.0,54.81,41.7,0,689.5,685.1666666666666,682.1666666666666,2454
2023-07-20,697,697,689,692,692,692,682.0,675.0,665.0,655.0,60.9,48.1,0,694.0,682.1666666666666,677.5,2454
2023-07-21,677,683,652,682,692,692,675.0,665.0,655.0,658.0,61.88,52.69,0,687.0,677.5,671.1666666666666,2454
2023-07-24,679,690,673,675,679,692,665.0,655.0,658.0,658.0,57.57,54.32,0,678.5,671.1666666666666,665.5,2454
2023-07-25,675,679,665,665,679,692,655.0,658.0,658.0,690.0,47.6,52.08,0,670.0,665.5,666.8333333333334,2454
2023-07-26,665,670,654,655,679,692,658.0,658.0,690.0,713.0,33.86,46.01,0,660.0,666.8333333333334,673.1666666666666,2454
2023-07-27,658,661,654,658,679,692,658.0,690.0,713.0,709.0,26.83,39.62,0,656.5,673.1666666666666,680.5,2454
2023-07-28,660,666,655,658,679,692,690.0,713.0,709.0,706.0,22.14,33.79,0,658.0,680.5,689.0,2454
2023-07-31,691,698,684,690,691,692,713.0,709.0,706.0,706.0,41.71,36.43,1,674.0,689.0,697.0,2454
2023-08-01,700,715,695,713,691,700,709.0,706.0,706.0,690.0,60.08,44.31,0,701.5,697.0,702.3333333333334,2454
2023-08-02,712,720,704,709,691,700,706.0,706.0,690.0,701.0,67.99,52.2,0,711.0,702.3333333333334,704.1666666666666,2454
2023-08-04,710,711,699,706,691,700,706.0,690.0,701.0,693.0,71.59,58.66,0,707.5,704.1666666666666,700.8333333333334,2454
2023-08-07,709,712,703,706,709,700,690.0,701.0,693.0,679.0,73.99,63.77,0,706.0,700.8333333333334,695.8333333333334,2454
2023-08-08,705,705,690,690,709,700,701.0,693.0,679.0,672.0,67.51,65.02,0,698.0,695.8333333333334,690.1666666666666,2454
2023-08-09,689,702,686,701,709,700,693.0,679.0,672.0,678.0,68.74,66.26,0,695.5,690.1666666666666,685.5,2454
2023-08-10,702,703,688,693,709,700,679.0,672.0,678.0,689.0,65.31,65.94,0,697.0,685.5,685.3333333333334,2454
2023-08-11,688,689,675,679,709,700,672.0,678.0,689.0,674.0,46.5,59.46,0,686.0,685.3333333333334,680.8333333333334,2454
2023-08-14,672,673,666,672,672,700,678.0,689.0,674.0,674.0,34.7,51.21,0,675.5,680.8333333333334,677.6666666666666,2454
2023-08-15,682,684,676,678,672,700,689.0,674.0,674.0,669.0,30.54,44.32,0,675.0,677.6666666666666,676.0,2454
2023-08-16,698,698,683,689,672,700,674.0,674.0,669.0,672.0,37.03,41.89,0,683.5,676.0,676.0,2454
2023-08-17,680,681,673,674,672,700,674.0,669.0,672.0,671.0,30.48,38.09,0,681.5,676.0,674.8333333333334,2454
2023-08-18,670,679,669,674,672,700,669.0,672.0,671.0,691.0,27.16,34.45,0,674.0,674.8333333333334,675.1666666666666,2454
2023-08-21,678,679,667,669,678,700,672.0,671.0,691.0,694.0,20.81,29.9,0,671.5,675.1666666666666,678.5,2454
2023-08-22,675,682,668,672,678,700,671.0,691.0,694.0,701.0,19.28,26.36,0,670.5,678.5,683.0,2454
2023-08-23,672,676,670,671,678,700,691.0,694.0,701.0,710.0,18.06,23.59,0,671.5,683.0,689.8333333333334,2454
2023-08-24,682,692,680,691,678,700,694.0,701.0,710.0,709.0,38.08,28.42,1,681.0,689.8333333333334,696.0,2454
2023-08-25,692,695,687,694,678,700,701.0,710.0,709.0,705.0,54.42,37.09,0,692.5,696.0,701.6666666666666,2454
2023-08-28,700,709,698,701,700,700,710.0,709.0,705.0,710.0,63.26,45.81,0,697.5,701.6666666666666,704.8333333333334,2454
2023-08-29,714,716,702,710,700,700,709.0,705.0,710.0,711.0,71.43,54.35,0,705.5,704.8333333333334,707.6666666666666,2454
2023-08-30,714,715,702,709,700,700,705.0,710.0,711.0,718.0,76.19,61.63,0,709.5,707.6666666666666,710.5,2454
2023-08-31,705,714,704,705,700,700,710.0,711.0,718.0,712.0,76.64,66.63,0,707.0,710.5,710.8333333333334,2454
2023-09-01,707,712,701,710,700,707,711.0,718.0,712.0,717.0,80.26,71.17,0,707.5,710.8333333333334,712.1666666666666,2454
2023-09-04,713,713,705,711,713,707,718.0,712.0,717.0,709.0,83.22,75.19,0,710.5,712.1666666666666,712.8333333333334,2454
2023-09-05,712,718,711,718,713,707,712.0,717.0,709.0,714.0,88.81,79.73,0,714.5,712.8333333333334,713.5,2454
2023-09-06,721,722,712,712,713,707,717.0,709.0,714.0,728.0,83.02,80.83,0,715.0,713.5,716.3333333333334,2454
2023-09-07,709,718,708,717,713,707,709.0,714.0,728.0,732.0,81.74,81.13,0,714.5,716.3333333333334,718.6666666666666,2454
2023-09-08,705,710,701,709,713,707,714.0,728.0,732.0,733.0,67.19,76.48,0,713.0,718.6666666666666,722.1666666666666,2454
2023-09-11,715,715,708,714,715,707,728.0,732.0,733.0,763.0,65.43,72.8,0,711.5,722.1666666666666,729.8333333333334,2454
2023-09-12,710,729,709,728,715,707,732.0,733.0,763.0,782.0,75.76,73.79,1,721.0,729.8333333333334,742.0,2454
2023-09-13,739,744,729,732,715,707,733.0,763.0,782.0,773.0,74.54,74.04,0,730.0,742.0,751.8333333333334,2454
2023-09-14,735,735,725,733,715,707,763.0,782.0,773.0,759.0,74.5,74.19,0,732.5,751.8333333333334,757.0,2454
2023-09-15,741,763,737,763,715,707,782.0,773.0,759.0,746.0,83.0,77.13,0,748.0,757.0,759.3333333333334,2454
2023-09-18,751,792,750,782,751,707,773.0,759.0,746.0,746.0,85.0,79.75,0,772.5,759.3333333333334,761.5,2454
2023-09-19,782,782,764,773,751,707,759.0,746.0,746.0,755.0,83.04,80.85,0,777.5,761.5,760.1666666666666,2454
2023-09-20,765,766,751,759,751,707,746.0,746.0,755.0,737.0,76.61,79.44,0,766.0,760.1666666666666,752.6666666666666,2454
2023-09-21,752,762,744,746,751,707,746.0,755.0,737.0,737.0,66.15,75.01,0,752.5,752.6666666666666,746.6666666666666,2454
2023-09-22,735,748,728,746,751,707,755.0,737.0,737.0,735.0,58.96,69.66,0,746.0,746.6666666666666,742.6666666666666,2454
2023-09-25,741,762,741,755,741,707,737.0,737.0,735.0,745.0,54.23,64.52,0,750.5,742.6666666666666,742.5,2454
2023-09-26,748,755,736,737,741,707,737.0,735.0,745.0,772.0,42.12,57.05,0,746.0,742.5,746.8333333333334,2454
2023-09-27,728,737,728,737,741,707,735.0,745.0,772.0,780.0,32.77,48.96,0,737.0,746.8333333333334,751.0,2454
2023-09-28,739,741,730,735,741,707,745.0,772.0,780.0,786.0,25.49,41.14,0,736.0,751.0,759.1666666666666,2454
2023-10-02,747,748,740,745,747,747,772.0,780.0,786.0,786.0,27.49,36.59,0,740.0,759.1666666666666,767.3333333333334,2454
2023-10-03,767,784,766,772,747,747,780.0,786.0,786.0,814.0,44.52,39.23,1,758.5,767.3333333333334,780.5,2454
2023-10-04,771,783,764,780,747,747,786.0,786.0,814.0,815.0,60.63,46.36,0,776.0,780.5,792.1666666666666,2454
2023-10-05,783,786,776,786,747,747,786.0,814.0,815.0,842.0,73.75,55.49,0,783.0,792.1666666666666,803.8333333333334,2454
2023-10-06,790,790,781,786,747,747,814.0,815.0,842.0,840.0,80.35,63.78,0,786.0,803.8333333333334,813.8333333333334,2454
2023-10-11,790,816,790,814,790,747,815.0,842.0,840.0,825.0,86.14,71.23,0,800.0,813.8333333333334,820.3333333333334,2454
2023-10-12,817,819,805,815,790,747,842.0,840.0,825.0,813.0,89.29,77.25,0,814.5,820.3333333333334,824.8333333333334,2454
2023-10-13,820,842,818,842,790,747,840.0,825.0,813.0,830.0,92.86,82.45,0,828.5,824.8333333333334,827.5,2454
2023-10-16,838,849,832,840,838,747,825.0,813.0,830.0,828.0,92.49,85.8,0,841.0,827.5,829.6666666666666,2454
2023-10-17,845,854,820,825,838,747,813.0,830.0,828.0,821.0,84.25,85.28,0,832.5,829.6666666666666,826.1666666666666,2454
2023-10-18,800,822,800,813,838,747,830.0,828.0,821.0,816.0,74.31,81.62,0,819.0,826.1666666666666,822.1666666666666,2454
2023-10-19,811,838,811,830,838,747,828.0,821.0,816.0,822.0,72.62,78.62,0,821.5,822.1666666666666,821.6666666666666,2454
2023-10-20,831,837,812,828,838,747,821.0,816.0,822.0,817.0,69.87,75.7,0,829.0,821.6666666666666,822.3333333333334,2454
2023-10-23,825,829,816,821,825,747,816.0,822.0,817.0,801.0,62.73,71.38,0,824.5,822.3333333333334,817.5,2454
2023-10-24,821,823,804,816,825,747,822.0,817.0,801.0,857.0,51.7,64.82,0,818.5,817.5,822.3333333333334,2454
2023-10-25,818,832,816,822,825,747,817.0,801.0,857.0,842.0,48.05,59.23,0,819.0,822.3333333333334,825.8333333333334,2454
2023-10-26,815,817,811,817,825,747,801.0,857.0,842.0,846.0,42.53,53.66,0,819.5,825.8333333333334,830.8333333333334,2454
2023-10-27,824,824,800,801,825,747,857.0,842.0,846.0,868.0,28.97,45.43,0,809.0,830.8333333333334,838.5,2454
2023-10-30,819,864,818,857,819,747,842.0,846.0,868.0,870.0,49.0,46.62,1,829.0,838.5,847.3333333333334,2454
2023-10-31,860,861,834,842,819,747,846.0,868.0,870.0,882.0,54.54,49.26,0,849.5,847.3333333333334,860.8333333333334,2454
2023-11-01,854,856,832,846,819,854,868.0,870.0,882.0,888.0,60.32,52.95,0,844.0,860.8333333333334,866.0,2454
2023-11-02,863,877,855,868,819,854,870.0,882.0,888.0,914.0,69.65,58.52,0,857.0,866.0,878.0,2454
2023-11-03,872,876,864,870,819,854,882.0,888.0,914.0,905.0,76.74,64.59,0,869.0,878.0,887.8333333333334,2454
2023-11-06,879,890,873,882,879,854,888.0,914.0,905.0,884.0,81.53,70.24,0,876.0,887.8333333333334,890.5,2454
2023-11-07,890,899,879,888,879,854,914.0,905.0,884.0,906.0,83.98,74.82,0,885.0,890.5,896.5,2454
2023-11-08,898,916,895,914,879,854,905.0,884.0,906.0,905.0,88.75,79.46,0,901.0,896.5,900.3333333333334,2454
2023-11-09,913,913,899,905,879,854,884.0,906.0,905.0,908.0,88.76,82.56,0,909.5,900.3333333333334,903.6666666666666,2454
2023-11-10,900,904,884,884,879,854,906.0,905.0,908.0,893.0,79.81,81.64,0,894.5,903.6666666666666,900.1666666666666,2454
2023-11-13,909,925,905,906,909,854,905.0,908.0,893.0,904.0,79.73,81.0,0,895.0,900.1666666666666,900.0,2454
2023-11-14,916,917,902,905,909,854,908.0,893.0,904.0,912.0,76.96,79.65,0,905.5,900.0,904.6666666666666,2454
2023-11-15,925,925,900,908,909,854,893.0,904.0,912.0,926.0,75.35,78.22,0,906.5,904.6666666666666,908.0,2454
2023-11-16,914,914,891,893,909,854,904.0,912.0,926.0,942.0,63.05,73.16,0,900.5,908.0,914.1666666666666,2454
2023-11-17,896,905,893,904,909,854,912.0,926.0,942.0,930.0,60.15,68.82,0,898.5,914.1666666666666,917.8333333333334,2454
2023-11-20,920,924,904,912,920,854,926.0,942.0,930.0,945.0,62.86,66.83,0,908.0,917.8333333333334,926.5,2454
2023-11-21,922,934,915,926,920,854,942.0,930.0,945.0,931.0,69.91,67.86,1,919.0,926.5,931.0,2454
2023-11-22,928,942,925,942,920,854,930.0,945.0,931.0,942.0,79.94,71.89,0,934.0,931.0,936.0,2454
2023-11-23,951,951,929,930,920,854,945.0,931.0,942.0,948.0,74.96,72.91,0,936.0,936.0,939.6666666666666,2454
2023-11-24,935,950,932,945,920,854,931.0,942.0,948.0,945.0,79.97,75.26,0,937.5,939.6666666666666,940.1666666666666,2454
2023-11-27,946,951,931,931,946,854,942.0,948.0,945.0,947.0,75.54,75.35,0,938.0,940.1666666666666,943.0,2454
2023-11-28,929,942,925,942,946,854,948.0,945.0,947.0,933.0,78.69,76.46,0,936.5,943.0,941.0,2454
2023-11-29,941,949,936,948,946,854,945.0,947.0,933.0,929.0,84.07,79.0,0,945.0,941.0,940.6666666666666,2454
2023-11-30,949,953,939,945,946,854,947.0,933.0,929.0,927.0,83.94,80.65,0,946.5,940.6666666666666,938.1666666666666,2454
2023-12-01,942,947,938,947,946,942,933.0,929.0,927.0,931.0,84.03,81.78,0,946.0,938.1666666666666,935.3333333333334,2454
2023-12-04,945,946,930,933,945,942,929.0,927.0,931.0,943.0,65.54,76.37,0,940.0,935.3333333333334,935.0,2454
2023-12-05,925,933,921,929,945,942,927.0,931.0,943.0,941.0,52.03,68.26,0,931.0,935.0,934.0,2454
2023-12-06,925,933,925,927,945,942,931.0,943.0,941.0,939.0,40.94,59.15,0,928.0,934.0,935.0,2454
2023-12-07,933,943,927,931,945,942,943.0,941.0,939.0,955.0,37.71,52.0,0,929.0,935.0,939.3333333333334,2454
2023-12-08,941,946,937,943,945,942,941.0,939.0,955.0,966.0,48.06,50.69,0,937.0,939.3333333333334,945.8333333333334,2454
2023-12-11,942,944,932,941,942,942,939.0,955.0,966.0,996.0,52.87,51.42,1,942.0,945.8333333333334,956.6666666666666,2454
2023-12-12,950,950,935,939,942,942,955.0,966.0,996.0,989.0,54.0,52.28,0,940.0,956.6666666666666,964.3333333333334,2454
2023-12-13,944,955,939,955,942,942,966.0,996.0,989.0,992.0,69.33,57.96,0,947.0,964.3333333333334,972.8333333333334,2454
2023-12-14,961,969,953,966,942,942,996.0,989.0,992.0,983.0,77.47,64.46,0,960.5,972.8333333333334,980.1666666666666,2454
2023-12-15,975,998,971,996,942,942,989.0,992.0,983.0,976.0,84.11,71.01,0,981.0,980.1666666666666,983.6666666666666,2454
2023-12-18,995,997,981,989,995,942,992.0,983.0,976.0,990.0,85.3,75.77,0,992.5,983.6666666666666,987.6666666666666,2454
2023-12-19,977,994,977,992,995,942,983.0,976.0,990.0,,87.38,79.64,0,990.5,987.6666666666666,821.6666666666666,2454
2023-12-20,993,995,983,983,995,942,976.0,990.0,,,84.01,81.1,0,987.5,821.6666666666666,656.8333333333334,2454
2023-12-21,972,983,972,976,995,942,990.0,,,,78.23,80.14,0,979.5,656.8333333333334,491.5,2454
2023-12-22,980,990,979,990,995,942,,,,,81.25,80.51,1,983.0,491.5,327.6666666666667,2454
